<?xml version="1.0" encoding="utf-8"?>
<GameData>
	<Players>
		<Row>
			<Domain>StandardPlayers</Domain>
			<CivilizationType>CIVILIZATION_CORCEGA_BDD_G4</CivilizationType>
			<LeaderType>LEADER_LUFFY_BDD_G4</LeaderType>
			<CivilizationName>LOC_CIVILIZATION_CORCEGA_BDD_G4_NAME</CivilizationName>
			<CivilizationIcon>ICON_CIVILIZATION_CORCEGA_BDD_G4</CivilizationIcon>
			<LeaderName>LOC_LEADER_LUFFY_BDD_G4_NAME</LeaderName>
			<LeaderIcon>ICON_LEADER_LUFFY_BDD_G4</LeaderIcon>
			<LeaderAbilityName>LOC_TRAIT_LEADER_GUARDIA_IMPERIAL_BDD_G4_NAME</LeaderAbilityName>
			<LeaderAbilityDescription>LOC_TRAIT_LEADER_GUARDIA_IMPERIAL_BDD_G4_DESCRIPTION</LeaderAbilityDescription>
			<LeaderAbilityIcon>ICON_LEADER_LUFFY</LeaderAbilityIcon>
			<Portrait>LEADER_LUFFY_NEUTRAL</Portrait>
		</Row>
	</Players>
	<PlayerItems>
		<Row>
			<Domain>StandardPlayers</Domain>
			<CivilizationType>CIVILIZATION_CORCEGA_BDD_G4</CivilizationType>
			<LeaderType>LEADER_LUFFY_BDD_G4</LeaderType>
			<Type>BUILDING_PALACIO_IMPERIAL_BDD_G4</Type>
			<Name>LOC_BUILDING_PALACIO_IMPERIAL_BDD_G4_NAME</Name>
			<Description>LOC_BUILDING_PALACIO_IMPERIAL_BDD_G4_DESCRIPTION</Description>
			<Icon>ICON_BUILDING_PALACIO_IMPERIAL</Icon>
			<SortIndex>10</SortIndex>
		</Row>
	</PlayerItems>
</GameData>
