<?xml version="1.0" encoding="utf-8"?>
<GameData>
	<Types>
		<Row Type="CIVILIZATION_CORCEGA_BDD_G4" Kind="KIND_CIVILIZATION" />
	</Types>
	
	<Civilizations>
		<Row>
			<CivilizationType>CIVILIZATION_CORCEGA_BDD_G4</CivilizationType>
			<Name>LOC_CIVILIZATION_CORCEGA_BDD_G4_NAME</Name>
			<Description>LOC_CIVILIZATION_CORCEGA_BDD_G4_DESCRIPTION</Description>
			<Adjective>LOC_CIVILIZATION_CORCEGA_BDD_G4_ADJECTIVE</Adjective>
			<StartingCivilizationLevelType>CIVILIZATION_LEVEL_FULL_CIV</StartingCivilizationLevelType>
		</Row>
	</Civilizations>

	<CivilizationLeaders>
		<Row CivilizationType="CIVILIZATION_CORCEGA_BDD_G4" LeaderType="LEADER_LUFFY_BDD_G4" CapitalName="LOC_CITY_NAME_CORCEGA_1" />
	</CivilizationLeaders>

	<CivilizationInfo>
		<Row CivilizationType="CIVILIZATION_CORCEGA_BDD_G4" Header="LOC_CIVINFO_BDD_G4_LOCATION" Caption="LOC_CIVINFO_CORCEGA_BDD_G4_LOCATION" />
	</CivilizationInfo>

	<CivilizationTraits>
		<Row CivilizationType="CIVILIZATION_CORCEGA_BDD_G4" TraitType="TRAIT_CIVILIZATION_GUARDIA_IMPERIAL_LUFFY_BDD_G4" />
	</CivilizationTraits>

	<Traits>
		<Row TraitType="TRAIT_CIVILIZATION_GUARDIA_IMPERIAL_LUFFY_BDD_G4" Name="LOC_UNIT_GUARDIA_IMPERIAL_LUFFY_BDD_G4_NAME" Description="LOC_UNIT_GUARDIA_IMPERIAL_LUFFY_BDD_G4_DESCRIPTION" />
	</Traits>

	<CityNames>
		<Row CivilizationType="CIVILIZATION_CORCEGA_BDD_G4" CityName="LOC_CITY_NAME_CORCEGA_1" />
		<Row CivilizationType="CIVILIZATION_CORCEGA_BDD_G4" CityName="LOC_CITY_NAME_CORCEGA_2" />
		<Row CivilizationType="CIVILIZATION_CORCEGA_BDD_G4" CityName="LOC_CITY_NAME_CORCEGA_3" />
		<Row CivilizationType="CIVILIZATION_CORCEGA_BDD_G4" CityName="LOC_CITY_NAME_CORCEGA_4" />
		<Row CivilizationType="CIVILIZATION_CORCEGA_BDD_G4" CityName="LOC_CITY_NAME_CORCEGA_5" />
		<Row CivilizationType="CIVILIZATION_CORCEGA_BDD_G4" CityName="LOC_CITY_NAME_CORCEGA_6" />
		<Row CivilizationType="CIVILIZATION_CORCEGA_BDD_G4" CityName="LOC_CITY_NAME_CORCEGA_7" />
		<Row CivilizationType="CIVILIZATION_CORCEGA_BDD_G4" CityName="LOC_CITY_NAME_CORCEGA_8" />
		<Row CivilizationType="CIVILIZATION_CORCEGA_BDD_G4" CityName="LOC_CITY_NAME_CORCEGA_9" />
		<Row CivilizationType="CIVILIZATION_CORCEGA_BDD_G4" CityName="LOC_CITY_NAME_CORCEGA_10" />
		<Row CivilizationType="CIVILIZATION_CORCEGA_BDD_G4" CityName="LOC_CITY_NAME_CORCEGA_11" />
		<Row CivilizationType="CIVILIZATION_CORCEGA_BDD_G4" CityName="LOC_CITY_NAME_CORCEGA_12" />
		<Row CivilizationType="CIVILIZATION_CORCEGA_BDD_G4" CityName="LOC_CITY_NAME_CORCEGA_13" />
		<Row CivilizationType="CIVILIZATION_CORCEGA_BDD_G4" CityName="LOC_CITY_NAME_CORCEGA_14" />
		<Row CivilizationType="CIVILIZATION_CORCEGA_BDD_G4" CityName="LOC_CITY_NAME_CORCEGA_15" />
	</CityNames>
	
</GameData>
