<?xml version="1.0" encoding="utf-8"?>
<GameData>
	<Types>
		<Row Type="BUILDING_PALACIO_IMPERIAL_BDD_G4" Kind="KIND_BUILDING" />
	</Types>
	<Buildings>
		<Row BuildingType="BUILDING_PALACIO_IMPERIAL_BDD_G4" Name="LOC_BUILDING_PALACIO_IMPERIAL_BDD_G4_NAME" PrereqDistrict="DISTRICT_CITY_CENTER" TraitType="TRAIT_CIVILIZATION_CORCEGA_BDD_G4" PurchaseYield="YIELD_GOLD" Cost="400" ObsoleteEra="ERA_INDUSTRIAL" AdvisorType="ADVISOR_GENERIC"/>
	</Buildings>
	<Building_YieldChanges>
		<Row BuildingType="BUILDING_PALACIO_IMPERIAL_BDD_G4" YieldType="YIELD_CULTURE" YieldChange="3"/>
	</Building_YieldChanges>
</GameData>
