<?xml version="1.0" encoding="utf-8"?>
<GameData>
	<LocalizedText>

		<Row Tag="LOC_CIVILIZATION_CORCEGA_BDD_G4_NAME" Language="es_ES">
			<Text>Imperio Corsa</Text>
		</Row>

		<Row Tag="LOC_CIVILIZATION_CORCEGA_BDD_G4_DESCRIPTION" Language="es_ES">
			<Text>Una civilización conocida por su ambición militar y cultural.</Text>
		</Row>

		<Row Tag="LOC_CIVILIZATION_CORCEGA_BDD_G4_ADJECTIVE" Language="es_ES">
			<Text>Corsa</Text>
		</Row>
		
		<Row Tag="LOC_LEADER_LUFFY_BDD_G4_NAME" Language="es_ES">
			<Text>Monkey D.Luffy</Text>
		</Row>

		<Row Tag="LOC_TRAIT_CIVILIZATION_CORCEGA_BDD_G4_NAME" Language="es_ES">
			<Text>Ejercito Luffy</Text>
		</Row>

		<Row Tag="LOC_TRAIT_CIVILIZATION_CORCEGA_BDD_G4_DESCRIPTION" Language="es_ES">
			<Text>El ejercito Luffy cuenta con una enorme flota de barcos pirata dispuesta a acabar con cualquier oponente.</Text>
		</Row>

		<Row Tag="LOC_TRAIT_LEADER_GUARDIA_IMPERIAL_BDD_G4_NAME" Language="es_ES">
			<Text>Ejercito Luffy</Text>
		</Row>

		<Row Tag="LOC_TRAIT_LEADER_GUARDIA_IMPERIAL_BDD_G4_DESCRIPTION" Language="es_ES">
			<Text>Las unidades militares terrestres reciben un bonus de combate adicional cuando estén en su continente de origen (Europa).</Text>
		</Row>

		<Row Tag="LOC_BUILDING_PALACIO_IMPERIAL_BDD_G4_NAME" Language="es_ES">
			<Text>Palacio Imperial</Text>
		</Row>

		<Row Tag="LOC_BUILDING_PALACIO_IMPERIAL_BDD_G4_DESCRIPTION" Language="es_ES">
			<Text>Un edificio que refleja el poder y la grandeza del Imperio Corsa.</Text>
		</Row>
	</LocalizedText>
</GameData>
